timestamp,gpu_util_pct,vram_used_mb,vram_total_mb,temp_c,power_w,train_log
2026-07-30T23:00:40.376012,93.0,4733.58336,51522.830336,33.0,116.0,[1m                           Learning iteration 60/500                            [0m
2026-07-30T23:00:50.503621,100.0,4733.58336,51522.830336,41.0,109.0,[1m                           Learning iteration 60/500                            [0m
2026-07-30T23:01:00.631055,94.0,4733.58336,51522.830336,41.0,120.0,[1m                           Learning iteration 60/500                            [0m
2026-07-30T23:01:10.757981,100.0,4733.58336,51522.830336,41.0,102.0,[1m                           Learning iteration 60/500                            [0m
2026-07-30T23:01:20.885624,95.0,4733.58336,51522.830336,41.0,95.0,[1m                           Learning iteration 67/500                            [0m
2026-07-30T23:01:31.013801,99.0,4733.58336,51522.830336,41.0,102.0,[1m                           Learning iteration 67/500                            [0m
2026-07-30T23:01:41.141628,7.0,4733.58336,51522.830336,41.0,85.0,[1m                           Learning iteration 67/500                            [0m
2026-07-30T23:01:51.269109,100.0,4733.58336,51522.830336,41.0,105.0,[1m                           Learning iteration 67/500                            [0m
2026-07-30T23:02:01.396837,97.0,4733.58336,51522.830336,41.0,107.0,[1m                           Learning iteration 67/500                            [0m
2026-07-30T23:02:11.524054,100.0,4733.58336,51522.830336,41.0,116.0,[1m                           Learning iteration 67/500                            [0m
2026-07-30T23:02:21.651680,100.0,4733.58336,51522.830336,41.0,98.0,[1m                           Learning iteration 67/500                            [0m
2026-07-30T23:02:31.778588,100.0,4733.58336,51522.830336,41.0,97.0,[1m                           Learning iteration 67/500                            [0m
2026-07-30T23:02:41.905975,99.0,4733.58336,51522.830336,41.0,120.0,[1m                           Learning iteration 74/500                            [0m
2026-07-30T23:02:52.033278,100.0,4733.58336,51522.830336,41.0,120.0,[1m                           Learning iteration 74/500                            [0m
2026-07-30T23:03:02.160128,99.0,4733.58336,51522.830336,41.0,98.0,[1m                           Learning iteration 74/500                            [0m
2026-07-30T23:03:12.287066,93.0,4733.58336,51522.830336,41.0,126.0,[1m                           Learning iteration 74/500                            [0m
2026-07-30T23:03:22.414404,99.0,4733.58336,51522.830336,41.0,114.0,[1m                           Learning iteration 74/500                            [0m
2026-07-30T23:03:32.542214,99.0,4733.58336,51522.830336,41.0,101.0,[1m                           Learning iteration 74/500                            [0m
2026-07-30T23:03:42.669067,100.0,4733.58336,51522.830336,41.0,105.0,[1m                           Learning iteration 74/500                            [0m
2026-07-30T23:03:52.797352,76.0,4733.58336,51522.830336,41.0,105.0,[1m                           Learning iteration 74/500                            [0m
2026-07-30T23:04:02.924555,100.0,4733.58336,51522.830336,41.0,95.0,[1m                           Learning iteration 81/500                            [0m
2026-07-30T23:04:13.051801,100.0,4733.58336,51522.830336,41.0,124.0,[1m                           Learning iteration 81/500                            [0m
2026-07-30T23:04:23.180623,99.0,4733.58336,51522.830336,41.0,103.0,[1m                           Learning iteration 81/500                            [0m
2026-07-30T23:04:33.308502,94.0,4733.58336,51522.830336,41.0,106.0,[1m                           Learning iteration 81/500                            [0m
2026-07-30T23:04:43.435887,100.0,4733.58336,51522.830336,41.0,100.0,[1m                           Learning iteration 81/500                            [0m
2026-07-30T23:04:53.563317,92.0,4733.58336,51522.830336,41.0,118.0,[1m                           Learning iteration 81/500                            [0m
2026-07-30T23:05:03.690707,100.0,4733.58336,51522.830336,41.0,108.0,[1m                           Learning iteration 81/500                            [0m
2026-07-30T23:05:13.817851,97.0,4733.58336,51522.830336,41.0,102.0,[1m                           Learning iteration 88/500                            [0m
2026-07-30T23:05:23.945352,87.0,4733.58336,51522.830336,41.0,96.0,[1m                           Learning iteration 88/500                            [0m
2026-07-30T23:05:34.072577,100.0,4733.58336,51522.830336,41.0,106.0,[1m                           Learning iteration 88/500                            [0m
2026-07-30T23:05:44.199463,98.0,4733.58336,51522.830336,41.0,120.0,[1m                           Learning iteration 88/500                            [0m
2026-07-30T23:05:54.326120,99.0,4733.58336,51522.830336,41.0,100.0,[1m                           Learning iteration 88/500                            [0m
2026-07-30T23:06:04.452743,99.0,4733.58336,51522.830336,41.0,104.0,[1m                           Learning iteration 88/500                            [0m
2026-07-30T23:06:14.579977,100.0,4733.58336,51522.830336,41.0,109.0,[1m                           Learning iteration 88/500                            [0m
2026-07-30T23:06:24.707522,99.0,4733.58336,51522.830336,41.0,110.0,[1m                           Learning iteration 88/500                            [0m
2026-07-30T23:06:34.835606,100.0,4733.58336,51522.830336,41.0,94.0,[1m                           Learning iteration 95/500                            [0m
2026-07-30T23:06:44.962274,100.0,4733.58336,51522.830336,41.0,108.0,[1m                           Learning iteration 95/500                            [0m
2026-07-30T23:06:55.088899,100.0,4733.58336,51522.830336,41.0,97.0,[1m                           Learning iteration 95/500                            [0m
2026-07-30T23:07:05.215070,100.0,4733.58336,51522.830336,41.0,93.0,[1m                           Learning iteration 95/500                            [0m
2026-07-30T23:07:15.342635,100.0,4733.58336,51522.830336,41.0,96.0,[1m                           Learning iteration 95/500                            [0m
2026-07-30T23:07:25.469266,99.0,4733.58336,51522.830336,41.0,106.0,[1m                           Learning iteration 95/500                            [0m
2026-07-30T23:07:35.596735,100.0,4733.58336,51522.830336,41.0,96.0,[1m                           Learning iteration 95/500                            [0m
2026-07-30T23:07:45.723677,100.0,4733.58336,51522.830336,41.0,95.0,[1m                           Learning iteration 95/500                            [0m
2026-07-30T23:07:55.851341,82.0,4733.58336,51522.830336,41.0,91.0,[1m                           Learning iteration 95/500                            [0m
2026-07-30T23:08:05.978563,100.0,4733.58336,51522.830336,41.0,100.0,[1m                           Learning iteration 102/500                           [0m
2026-07-30T23:08:16.106205,100.0,4733.58336,51522.830336,41.0,90.0,[1m                           Learning iteration 102/500                           [0m
2026-07-30T23:08:26.234055,94.0,4733.58336,51522.830336,41.0,122.0,[1m                           Learning iteration 102/500                           [0m
2026-07-30T23:08:36.361470,99.0,4733.58336,51522.830336,41.0,112.0,[1m                           Learning iteration 102/500                           [0m
2026-07-30T23:08:46.489530,99.0,4733.58336,51522.830336,41.0,108.0,[1m                           Learning iteration 102/500                           [0m
2026-07-30T23:08:56.615519,97.0,4733.58336,51522.830336,41.0,98.0,[1m                           Learning iteration 102/500                           [0m
2026-07-30T23:09:06.743179,97.0,4733.58336,51522.830336,41.0,99.0,[1m                           Learning iteration 102/500                           [0m
2026-07-30T23:09:16.870497,93.0,4733.58336,51522.830336,41.0,125.0,[1m                           Learning iteration 102/500                           [0m
2026-07-30T23:09:26.998339,94.0,4733.58336,51522.830336,41.0,122.0,[1m                           Learning iteration 109/500                           [0m
2026-07-30T23:09:37.125238,100.0,4733.58336,51522.830336,41.0,96.0,[1m                           Learning iteration 109/500                           [0m
2026-07-30T23:09:47.251709,99.0,4733.58336,51522.830336,41.0,121.0,[1m                           Learning iteration 109/500                           [0m
2026-07-30T23:09:57.379964,100.0,4733.58336,51522.830336,41.0,96.0,[1m                           Learning iteration 109/500                           [0m
2026-07-30T23:10:07.507729,97.0,4733.58336,51522.830336,41.0,98.0,[1m                           Learning iteration 109/500                           [0m
2026-07-30T23:10:17.635838,94.0,4733.58336,51522.830336,41.0,123.0,[1m                           Learning iteration 109/500                           [0m
2026-07-30T23:10:27.763110,99.0,4733.58336,51522.830336,41.0,119.0,[1m                           Learning iteration 109/500                           [0m
2026-07-30T23:10:37.890630,100.0,4733.58336,51522.830336,41.0,95.0,[1m                           Learning iteration 109/500                           [0m
2026-07-30T23:10:48.017901,100.0,4733.58336,51522.830336,41.0,97.0,[1m                           Learning iteration 116/500                           [0m
2026-07-30T23:10:58.144900,100.0,4733.58336,51522.830336,41.0,96.0,[1m                           Learning iteration 116/500                           [0m
2026-07-30T23:11:08.273383,99.0,4733.58336,51522.830336,41.0,101.0,[1m                           Learning iteration 116/500                           [0m
2026-07-30T23:11:18.401040,97.0,4733.58336,51522.830336,41.0,98.0,[1m                           Learning iteration 116/500                           [0m
2026-07-30T23:11:28.528204,97.0,4733.58336,51522.830336,41.0,104.0,[1m                           Learning iteration 116/500                           [0m
2026-07-30T23:11:38.655848,100.0,4733.58336,51522.830336,41.0,94.0,[1m                           Learning iteration 116/500                           [0m
2026-07-30T23:11:48.783314,100.0,4733.58336,51522.830336,41.0,96.0,[1m                           Learning iteration 116/500                           [0m
2026-07-30T23:11:58.910830,100.0,4733.58336,51522.830336,41.0,135.0,[1m                           Learning iteration 116/500                           [0m
2026-07-30T23:12:09.039201,94.0,4733.58336,51522.830336,41.0,123.0,[1m                           Learning iteration 123/500                           [0m
2026-07-30T23:12:19.166999,100.0,4733.58336,51522.830336,41.0,127.0,[1m                           Learning iteration 123/500                           [0m
2026-07-30T23:12:29.293775,100.0,4733.58336,51522.830336,41.0,114.0,[1m                           Learning iteration 123/500                           [0m
2026-07-30T23:12:39.420110,100.0,4733.58336,51522.830336,41.0,103.0,[1m                           Learning iteration 123/500                           [0m
2026-07-30T23:12:49.545182,100.0,4733.6448,51522.830336,41.0,103.0,[1m                           Learning iteration 123/500                           [0m
2026-07-30T23:12:59.680625,78.0,20438.155264,51522.830336,41.0,89.0,[1m                           Learning iteration 123/500                           [0m
2026-07-30T23:13:09.807042,100.0,22856.99072,51522.830336,41.0,97.0,[1m                           Learning iteration 123/500                           [0m
2026-07-30T23:13:19.934184,100.0,22856.99072,51522.830336,41.0,92.0,[1m                           Learning iteration 123/500                           [0m
2026-07-30T23:13:30.060881,100.0,22856.99072,51522.830336,41.0,96.0,[1m                           Learning iteration 130/500                           [0m
2026-07-30T23:13:40.188878,100.0,22856.99072,51522.830336,41.0,126.0,[1m                           Learning iteration 130/500                           [0m
2026-07-30T23:13:50.316401,94.0,22856.99072,51522.830336,41.0,97.0,[1m                           Learning iteration 130/500                           [0m
2026-07-30T23:14:00.442513,97.0,22856.99072,51522.830336,41.0,99.0,[1m                           Learning iteration 130/500                           [0m
2026-07-30T23:14:10.569733,99.0,22856.99072,51522.830336,41.0,117.0,[1m                           Learning iteration 130/500                           [0m
2026-07-30T23:14:20.697605,100.0,22856.99072,51522.830336,41.0,95.0,[1m                           Learning iteration 130/500                           [0m
2026-07-30T23:14:30.824481,100.0,22856.99072,51522.830336,41.0,96.0,[1m                           Learning iteration 130/500                           [0m
2026-07-30T23:14:40.951524,100.0,22856.99072,51522.830336,41.0,129.0,[1m                           Learning iteration 130/500                           [0m
2026-07-30T23:14:51.078599,100.0,22856.99072,51522.830336,41.0,109.0,[1m                           Learning iteration 137/500                           [0m
2026-07-30T23:15:01.205485,100.0,22856.99072,51522.830336,41.0,96.0,[1m                           Learning iteration 137/500                           [0m
2026-07-30T23:15:11.332183,94.0,22856.99072,51522.830336,41.0,89.0,[1m                           Learning iteration 137/500                           [0m
2026-07-30T23:15:21.460018,100.0,22856.99072,51522.830336,41.0,106.0,[1m                           Learning iteration 137/500                           [0m
2026-07-30T23:15:31.590664,100.0,22856.99072,51522.830336,41.0,95.0,[1m                           Learning iteration 137/500                           [0m
2026-07-30T23:15:41.717676,100.0,22856.99072,51522.830336,41.0,120.0,[1m                           Learning iteration 137/500                           [0m
2026-07-30T23:15:51.844094,100.0,22856.99072,51522.830336,41.0,99.0,[1m                           Learning iteration 137/500                           [0m
2026-07-30T23:16:01.971834,100.0,22856.99072,51522.830336,41.0,105.0,[1m                           Learning iteration 137/500                           [0m
2026-07-30T23:16:12.099582,93.0,22856.99072,51522.830336,41.0,124.0,[1m                           Learning iteration 144/500                           [0m
2026-07-30T23:16:22.226998,100.0,22856.99072,51522.830336,41.0,112.0,[1m                           Learning iteration 144/500                           [0m
2026-07-30T23:16:32.352248,100.0,22856.99072,51522.830336,41.0,102.0,[1m                           Learning iteration 144/500                           [0m
2026-07-30T23:16:42.479567,100.0,22856.99072,51522.830336,41.0,97.0,[1m                           Learning iteration 144/500                           [0m
2026-07-30T23:16:52.607249,89.0,22856.99072,51522.830336,41.0,86.0,[1m                           Learning iteration 144/500                           [0m
2026-07-30T23:17:02.734069,94.0,22856.99072,51522.830336,41.0,120.0,[1m                           Learning iteration 144/500                           [0m
2026-07-30T23:17:12.861679,100.0,22856.99072,51522.830336,41.0,104.0,[1m                           Learning iteration 144/500                           [0m
2026-07-30T23:17:22.989327,100.0,22856.99072,51522.830336,41.0,96.0,[1m                           Learning iteration 144/500                           [0m
2026-07-30T23:17:33.117020,100.0,22856.99072,51522.830336,41.0,100.0,[1m                           Learning iteration 151/500                           [0m
2026-07-30T23:17:43.244707,99.0,22856.99072,51522.830336,41.0,105.0,[1m                           Learning iteration 151/500                           [0m
2026-07-30T23:17:53.372289,94.0,22856.99072,51522.830336,41.0,123.0,[1m                           Learning iteration 151/500                           [0m
2026-07-30T23:18:03.500108,97.0,22856.99072,51522.830336,41.0,103.0,[1m                           Learning iteration 151/500                           [0m
2026-07-30T23:18:13.627647,94.0,22856.99072,51522.830336,41.0,120.0,[1m                           Learning iteration 151/500                           [0m
2026-07-30T23:18:23.752820,94.0,22856.99072,51522.830336,41.0,123.0,[1m                           Learning iteration 151/500                           [0m
2026-07-30T23:18:33.880628,98.0,22856.99072,51522.830336,41.0,96.0,[1m                           Learning iteration 151/500                           [0m
2026-07-30T23:18:44.008040,100.0,22856.99072,51522.830336,41.0,100.0,[1m                           Learning iteration 151/500                           [0m
2026-07-30T23:18:54.135313,97.0,22856.99072,51522.830336,41.0,108.0,[1m                           Learning iteration 158/500                           [0m
2026-07-30T23:19:04.262554,100.0,22856.99072,51522.830336,41.0,123.0,[1m                           Learning iteration 158/500                           [0m
2026-07-30T23:19:14.389686,100.0,22856.99072,51522.830336,41.0,92.0,[1m                           Learning iteration 158/500                           [0m
2026-07-30T23:19:24.516829,89.0,22859.087872,51522.830336,41.0,86.0,[1m                           Learning iteration 158/500                           [0m
2026-07-30T23:19:34.643794,100.0,22859.087872,51522.830336,41.0,98.0,[1m                           Learning iteration 158/500                           [0m
