iteration,configured_iterations,total_steps,steps_per_second,mean_reward,mean_dist_to_ball,goal_per_1k_steps,mean_episode_goals_total,iteration_time_seconds,elapsed_seconds
0,500,49152,2229.0,-24.44,3.2844,0.0,0.0,22.05,22
1,500,98304,4485.0,-25.52,3.2836,0.0,0.0,10.96,33
2,500,147456,4518.0,-25.15,3.3153,0.0,0.0,10.88,43
3,500,196608,4486.0,-22.25,3.363,0.0,0.0,10.96,54
4,500,245760,4513.0,-27.16,3.3728,0.0203,0.4583,10.89,65
5,500,294912,4512.0,-23.74,3.3623,0.0,1.0,10.89,76
6,500,344064,4533.0,-22.26,3.3959,0.0203,1.0,10.84,87
7,500,393216,4542.0,-24.97,3.4003,0.0,1.0,10.82,98
8,500,442368,4525.0,-23.36,3.4159,0.0549,1.2917,10.86,109
9,500,491520,4550.0,-20.7,3.4336,0.0061,2.0,10.8,119
10,500,540672,4565.0,-18.49,3.4278,0.0,2.0,10.77,130
11,500,589824,4550.0,-21.01,3.4228,0.0203,2.7917,10.8,141
12,500,638976,4543.0,-21.81,3.3686,0.0203,3.0,10.82,152
13,500,688128,4569.0,-16.39,3.379,0.0,3.0,10.76,163
14,500,737280,4559.0,-20.57,3.3651,0.0,3.0,10.78,173
15,500,786432,4568.0,-19.41,3.349,0.0,3.0,10.76,184
16,500,835584,4552.0,-16.88,3.2984,0.0,3.0,10.8,195
17,500,884736,4579.0,-15.79,3.2582,0.0203,3.0,10.73,206
18,500,933888,4568.0,-17.53,3.2184,0.0203,3.7083,10.76,216
19,500,983040,4579.0,-15.67,3.2105,0.0,4.0,10.73,227
20,500,1032192,4547.0,-13.33,3.1841,0.0407,4.625,10.81,238
21,500,1081344,4526.0,-17.45,3.2147,0.0387,5.0,10.86,249
22,500,1130496,4551.0,-12.49,3.2357,0.0692,5.0,10.8,260
23,500,1179648,4595.0,-14.82,3.2598,0.0346,5.0,10.7,270
24,500,1228800,4579.0,-14.42,3.2685,0.0631,5.4583,10.73,281
25,500,1277952,4559.0,-10.36,3.2767,0.0692,6.0,10.78,292
26,500,1327104,4580.0,-13.13,3.2827,0.0509,6.0,10.73,303
27,500,1376256,4589.0,-9.28,3.2157,0.0203,6.0,10.71,313
28,500,1425408,4576.0,-9.16,3.1967,0.0,6.0,10.74,324
29,500,1474560,4573.0,-8.71,3.1654,0.0407,6.0,10.75,335
30,500,1523712,4595.0,-9.76,3.0982,0.0305,6.0,10.7,345
31,500,1572864,4596.0,-6.45,3.071,0.0854,6.7917,10.69,356
32,500,1622016,4574.0,-3.51,3.0712,0.1261,7.5417,10.74,367
33,500,1671168,4611.0,4.06,3.0175,0.1729,8.7083,10.66,378
34,500,1720320,4566.0,5.74,2.9385,0.0488,9.125,10.76,388
35,500,1769472,4591.0,0.34,2.9446,0.238,12.2083,10.71,399
36,500,1818624,4576.0,8.76,2.9611,0.2808,14.125,10.74,410
37,500,1867776,4596.0,10.68,3.0245,0.3886,21.4583,10.69,420
38,500,1916928,4596.0,8.11,3.1133,0.2726,24.0,10.69,431
39,500,1966080,4618.0,15.44,3.1241,0.3479,28.75,10.64,442
40,500,2015232,4615.0,23.01,3.1883,0.5208,36.4583,10.65,452
41,500,2064384,4608.0,23.65,3.2705,0.5697,40.7083,10.67,463
42,500,2113536,4609.0,22.24,3.2719,0.4272,44.3333,10.66,474
43,500,2162688,4584.0,24.25,3.2092,0.4211,49.4167,10.72,484
44,500,2211840,4599.0,32.51,3.1327,0.5493,55.9583,10.69,495
45,500,2260992,4595.0,28.71,3.0759,0.5351,62.9167,10.7,506
46,500,2310144,4600.0,32.2,3.0385,0.5351,69.125,10.68,517
47,500,2359296,4593.0,32.24,3.0562,0.4639,77.9167,10.7,527
48,500,2408448,4591.0,34.96,3.0063,0.6999,86.875,10.71,538
49,500,2457600,4609.0,37.51,2.9195,0.5554,97.375,10.66,549
50,500,2506752,4590.0,33.39,2.9275,0.8179,106.4167,10.71,559
51,500,2555904,4578.0,38.62,2.9194,0.8016,118.0417,10.74,570
52,500,2605056,4582.0,39.34,2.9377,0.8728,129.0417,10.73,581
53,500,2654208,4592.0,36.86,3.0177,0.6531,139.75,10.7,591
54,500,2703360,4588.0,39.86,3.0823,0.6632,153.7917,10.71,602
55,500,2752512,4593.0,38.9,3.2046,0.6714,164.1667,10.7,613
56,500,2801664,4582.0,42.88,3.2314,0.6531,177.0417,10.73,624
57,500,2850816,4556.0,37.3,3.2472,0.8423,188.5833,10.79,634
58,500,2899968,4561.0,40.5,3.2416,1.064,198.75,10.78,645
59,500,2949120,4545.0,41.06,3.1263,0.8891,210.9583,10.81,656
60,500,2998272,4422.0,38.28,2.9735,1.0071,222.5833,11.11,667
61,500,3047424,4398.0,41.17,2.8779,0.7528,231.4583,11.17,678
62,500,3096576,4370.0,47.52,2.8907,0.7609,241.25,11.25,690
63,500,3145728,4338.0,49.58,2.9484,0.8158,248.5833,11.33,701
64,500,3194880,4332.0,48.95,2.974,1.2207,266.0833,11.34,712
65,500,3244032,4321.0,47.45,2.9312,0.9155,280.75,11.37,724
66,500,3293184,4347.0,47.79,2.8232,0.9725,290.8333,11.3,735
67,500,3342336,4343.0,48.58,2.7592,1.0498,304.75,11.32,746
68,500,3391488,4312.0,47.73,2.7102,0.8158,318.9583,11.4,758
69,500,3440640,4330.0,52.32,2.6262,0.7609,329.25,11.35,769
70,500,3489792,4329.0,52.58,2.5944,0.9583,339.75,11.35,780
71,500,3538944,4348.0,52.24,2.6427,1.0803,354.625,11.3,792
72,500,3588096,4334.0,44.98,2.5965,0.7039,361.8333,11.34,803
73,500,3637248,4336.0,54.18,2.5098,0.7487,368.7083,11.33,814
74,500,3686400,4301.0,51.78,2.5637,1.0254,376.125,11.43,826
75,500,3735552,4290.0,57.41,2.5608,0.8667,386.8333,11.45,837
76,500,3784704,4300.0,47.07,2.5641,0.8748,397.3333,11.43,849
77,500,3833856,4303.0,53.41,2.5146,0.5656,404.5833,11.42,860
78,500,3883008,4286.0,61.52,2.491,0.5798,410.7083,11.47,871
79,500,3932160,4275.0,54.3,2.4608,0.7304,419.4583,11.5,883
80,500,3981312,4256.0,59.31,2.4623,0.8301,428.9583,11.55,895
81,500,4030464,4250.0,61.98,2.4139,0.6877,435.0833,11.56,906
82,500,4079616,4269.0,60.33,2.397,0.7324,444.1667,11.51,918
83,500,4128768,4264.0,58.01,2.3466,0.8565,458.4167,11.53,929
84,500,4177920,4273.0,61.98,2.3598,0.7222,468.0,11.5,941
85,500,4227072,4279.0,59.49,2.3228,0.7446,479.9583,11.49,952
86,500,4276224,4272.0,60.52,2.2638,0.9155,490.8333,11.51,964
87,500,4325376,4266.0,69.96,2.1996,0.5493,496.7083,11.52,975
88,500,4374528,4247.0,61.14,2.2053,0.6897,504.0,11.57,987
89,500,4423680,4246.0,63.15,2.2056,0.5249,510.125,11.57,998
90,500,4472832,4258.0,65.73,2.2015,0.4842,515.8334,11.54,1010
91,500,4521984,4254.0,63.11,2.171,0.4842,518.1667,11.55,1021
92,500,4571136,4244.0,63.13,2.1454,0.6571,523.375,11.58,1033
93,500,4620288,4254.0,64.27,2.0683,0.3438,524.0,11.55,1045
94,500,4669440,4259.0,63.6,2.0381,0.5066,526.25,11.54,1056
95,500,4718592,4253.0,68.55,1.9868,0.4801,532.5834,11.56,1068
96,500,4767744,4242.0,63.23,1.9451,0.4781,540.3334,11.59,1079
97,500,4816896,4227.0,65.76,1.8586,0.5086,545.6667,11.63,1091
98,500,4866048,4236.0,70.68,1.8025,0.413,549.0,11.6,1102
99,500,4915200,4228.0,71.18,1.8004,0.4333,551.4167,11.62,1114
100,500,4964352,4230.0,71.46,1.7417,0.2828,554.625,11.62,1126
101,500,5013504,4215.0,69.22,1.7825,0.1261,555.0,11.66,1137
102,500,5062656,4216.0,74.48,1.7517,0.1973,555.7917,11.66,1149
103,500,5111808,4226.0,73.94,1.7487,0.1912,558.0,11.63,1161
104,500,5160960,4241.0,70.95,1.7109,0.1689,558.875,11.59,1172
105,500,5210112,4237.0,74.33,1.6388,0.0997,559.0,11.6,1184
106,500,5259264,4227.0,75.7,1.6227,0.118,559.7917,11.63,1195
107,500,5308416,4222.0,78.59,1.6155,0.1099,560.0,11.64,1207
108,500,5357568,4217.0,74.17,1.6151,0.1546,560.2917,11.65,1219
109,500,5406720,4223.0,80.3,1.5853,0.116,561.875,11.64,1230
110,500,5455872,4216.0,75.68,1.5905,0.2136,563.0417,11.66,1242
111,500,5505024,4208.0,78.79,1.5679,0.2523,565.375,11.68,1254
112,500,5554176,4208.0,72.33,1.5672,0.1994,566.125,11.68,1265
113,500,5603328,4211.0,73.71,1.5565,0.1668,568.0,11.67,1277
114,500,5652480,4220.0,77.17,1.546,0.0834,569.875,11.65,1289
115,500,5701632,4212.0,75.7,1.5534,0.295,571.25,11.67,1300
116,500,5750784,4219.0,72.82,1.5636,0.2014,574.375,11.65,1312
117,500,5799936,4208.0,74.05,1.5934,0.2482,576.0417,11.68,1324
118,500,5849088,4206.0,77.66,1.6277,0.3133,581.4167,11.68,1335
119,500,5898240,4205.0,76.32,1.6594,0.2848,582.875,11.69,1347
120,500,5947392,4208.0,79.73,1.67,0.3052,585.0834,11.68,1359
121,500,5996544,4211.0,74.28,1.6538,0.2645,587.0,11.67,1370
122,500,6045696,4221.0,76.72,1.6168,0.2523,588.75,11.64,1382
123,500,6094848,4207.0,77.24,1.5876,0.1261,591.7084,11.68,1394
124,500,6144000,4208.0,78.56,1.5886,0.2116,592.9167,11.68,1405
125,500,6193152,4213.0,77.18,1.6021,0.2035,594.0,11.67,1417
126,500,6242304,4216.0,74.76,1.622,0.2055,595.9584,11.66,1429
127,500,6291456,4176.0,78.64,1.6308,0.177,597.9584,11.77,1441
128,500,6340608,4097.0,74.89,1.6266,0.2136,598.5834,12.0,1452
129,500,6389760,4168.0,79.77,1.6102,0.293,602.6667,11.79,1464
130,500,6438912,4048.0,80.35,1.6114,0.2706,605.6667,12.14,1476
131,500,6488064,4221.0,77.82,1.6308,0.2035,608.0,11.64,1488
132,500,6537216,4200.0,73.21,1.6063,0.3316,609.625,11.7,1500
133,500,6586368,4226.0,77.43,1.5762,0.1282,611.0,11.63,1511
134,500,6635520,4231.0,72.48,1.5525,0.1506,611.0,11.62,1523
135,500,6684672,4221.0,75.28,1.5352,0.234,612.25,11.64,1535
136,500,6733824,4219.0,76.03,1.5052,0.2319,614.9584,11.65,1546
137,500,6782976,4236.0,80.16,1.4452,0.0712,616.125,11.6,1558
138,500,6832128,4217.0,80.38,1.4228,0.1872,618.4167,11.66,1570
139,500,6881280,4219.0,80.93,1.4212,0.1851,619.0417,11.65,1581
140,500,6930432,4220.0,79.92,1.4039,0.1994,620.0,11.65,1593
141,500,6979584,4227.0,81.09,1.4135,0.236,620.375,11.63,1604
142,500,7028736,4225.0,82.01,1.3935,0.0854,621.25,11.63,1616
143,500,7077888,4246.0,81.19,1.3573,0.1811,623.0,11.57,1628
144,500,7127040,4250.0,86.4,1.3656,0.2787,624.4167,11.56,1639
145,500,7176192,4243.0,84.28,1.3711,0.2055,627.8334,11.58,1651
146,500,7225344,4235.0,80.97,1.3542,0.2238,629.0,11.6,1662
147,500,7274496,4246.0,79.12,1.3273,0.177,629.125,11.57,1674
148,500,7323648,4244.0,82.64,1.2969,0.1404,630.0,11.58,1686
149,500,7372800,4242.0,81.1,1.2919,0.12,631.3334,11.58,1697
150,500,7421952,4251.0,83.18,1.2829,0.0916,632.0,11.56,1709
151,500,7471104,4256.0,87.54,1.2925,0.1261,632.7917,11.55,1720
152,500,7520256,4247.0,86.14,1.2837,0.1241,633.125,11.57,1732
153,500,7569408,4242.0,82.07,1.2605,0.2767,635.4167,11.59,1743
154,500,7618560,4249.0,83.67,1.2351,0.0793,636.875,11.57,1755
155,500,7667712,4243.0,85.59,1.2464,0.1363,637.8334,11.58,1767
156,500,7716864,4236.0,83.93,1.2633,0.1567,639.0,11.6,1778
157,500,7766016,4249.0,81.1,1.2587,0.179,639.9584,11.57,1790
158,500,7815168,4240.0,86.84,1.2584,0.1465,640.0,11.59,1801
159,500,7864320,4229.0,83.89,1.2579,0.0692,640.875,11.62,1813
160,500,7913472,4233.0,82.47,1.234,0.0895,641.0,11.61,1825
161,500,7962624,4225.0,82.48,1.2624,0.1261,642.1667,11.63,1836
162,500,8011776,4230.0,87.83,1.2365,0.0732,643.5417,11.62,1848
163,500,8060928,4227.0,85.75,1.2131,0.057,644.0,11.63,1859
164,500,8110080,4221.0,84.87,1.215,0.2096,644.0834,11.64,1871
165,500,8159232,4234.0,80.54,1.2282,0.1648,646.625,11.61,1883
166,500,8208384,4215.0,81.23,1.2615,0.1404,648.125,11.66,1894
167,500,8257536,4214.0,81.98,1.2362,0.1648,651.5,11.66,1906
168,500,8306688,4223.0,84.14,1.2409,0.1668,652.2917,11.64,1918
169,500,8355840,4230.0,89.23,1.2371,0.1526,653.0417,11.62,1929
170,500,8404992,4229.0,87.27,1.214,0.0773,654.625,11.62,1941
171,500,8454144,4238.0,88.58,1.1971,0.1383,655.7917,11.6,1953
172,500,8503296,4240.0,87.7,1.1699,0.057,656.0,11.59,1964
173,500,8552448,4241.0,87.16,1.141,0.1689,656.5834,11.59,1976
174,500,8601600,4243.0,81.69,1.1483,0.0875,658.4584,11.58,1987
175,500,8650752,4230.0,86.05,1.158,0.1689,660.25,11.62,1999
176,500,8699904,4244.0,84.73,1.1972,0.0895,662.9584,11.58,2010
177,500,8749056,4247.0,85.81,1.1985,0.1078,664.0,11.57,2022
178,500,8798208,4257.0,89.7,1.1731,0.1872,664.0,11.54,2034
179,500,8847360,4255.0,86.21,1.1716,0.1404,664.0,11.55,2045
180,500,8896512,4247.0,85.18,1.1434,0.1363,664.0,11.57,2057
181,500,8945664,4253.0,88.17,1.1143,0.116,664.0,11.56,2068
182,500,8994816,4252.0,90.12,1.1173,0.1546,664.0,11.56,2080
183,500,9043968,4249.0,86.5,1.1183,0.1811,665.0,11.57,2091
184,500,9093120,4251.0,85.25,1.1387,0.1261,666.0,11.56,2103
185,500,9142272,4244.0,88.61,1.1545,0.2055,666.2084,11.58,2115
186,500,9191424,4257.0,86.61,1.1598,0.1689,667.0,11.54,2126
187,500,9240576,4253.0,94.63,1.1333,0.0773,667.0,11.56,2138
188,500,9289728,4253.0,88.72,1.1359,0.1811,667.0,11.56,2149
189,500,9338880,4252.0,93.52,1.1648,0.2197,667.9167,11.56,2161
190,500,9388032,4251.0,92.62,1.1481,0.1567,670.4584,11.56,2172
191,500,9437184,4254.0,94.06,1.1257,0.2177,672.7917,11.55,2184
192,500,9486336,4261.0,90.47,1.1234,0.2889,674.5,11.54,2195
193,500,9535488,4256.0,92.94,1.1081,0.2991,675.5834,11.55,2207
194,500,9584640,4248.0,88.76,1.1536,0.2625,677.9167,11.57,2219
195,500,9633792,4247.0,91.54,1.1536,0.1119,679.2084,11.57,2230
196,500,9682944,4243.0,88.11,1.1434,0.0956,680.375,11.58,2242
197,500,9732096,4248.0,89.97,1.1261,0.2075,681.9584,11.57,2253
198,500,9781248,4247.0,84.45,1.1148,0.2238,682.5834,11.57,2265
199,500,9830400,4235.0,86.56,1.0891,0.234,684.0417,11.6,2276
200,500,9879552,4254.0,84.16,1.0355,0.236,685.8334,11.55,2288
201,500,9928704,4247.0,94.51,1.0068,0.2319,687.0,11.57,2300
202,500,9977856,4256.0,90.25,1.0565,0.3296,687.0,11.55,2311
203,500,10027008,4250.0,94.12,1.0856,0.1668,687.875,11.56,2323
204,500,10076160,4248.0,89.17,1.123,0.1811,690.5,11.57,2334
205,500,10125312,4246.0,92.1,1.1345,0.2401,693.4584,11.57,2346
206,500,10174464,4248.0,90.89,1.1164,0.3011,696.9584,11.57,2357
207,500,10223616,4241.0,87.64,1.0973,0.3174,700.1667,11.59,2369
208,500,10272768,4243.0,87.71,1.1022,0.2645,703.4167,11.58,2381
209,500,10321920,4251.0,82.26,1.0994,0.3133,704.4584,11.56,2392
210,500,10371072,4241.0,94.92,1.0631,0.2177,706.25,11.59,2404
211,500,10420224,4233.0,90.02,1.0581,0.3947,708.9584,11.61,2415
212,500,10469376,4244.0,92.0,1.0979,0.3418,712.5834,11.58,2427
213,500,10518528,4245.0,89.1,1.104,0.3459,715.2917,11.58,2438
214,500,10567680,4240.0,80.8,1.093,0.3784,717.0417,11.59,2450
215,500,10616832,4245.0,87.17,1.1004,0.3906,718.2084,11.58,2462
216,500,10665984,4240.0,87.76,1.0904,0.5514,719.75,11.59,2473
217,500,10715136,4241.0,89.67,1.0924,0.3947,721.9167,11.59,2485
218,500,10764288,4240.0,91.83,1.1131,0.6083,727.1667,11.59,2496
219,500,10813440,4255.0,86.99,1.1213,0.3499,732.7917,11.55,2508
220,500,10862592,4263.0,83.2,1.1079,0.4049,734.625,11.53,2519
221,500,10911744,4255.0,90.26,1.1066,0.3052,737.3334,11.55,2531
222,500,10960896,4254.0,92.39,1.076,0.2726,739.0,11.55,2543
223,500,11010048,4257.0,90.54,1.0856,0.2686,739.0,11.55,2554
224,500,11059200,4260.0,87.03,1.1162,0.3988,741.2084,11.54,2566
225,500,11108352,4256.0,89.38,1.1117,0.2299,742.625,11.55,2577
226,500,11157504,4268.0,96.81,1.0927,0.238,743.375,11.51,2589
227,500,11206656,4270.0,97.39,1.0705,0.2869,746.5834,11.51,2600
228,500,11255808,4251.0,92.79,1.0971,0.3418,748.875,11.56,2612
229,500,11304960,4259.0,94.13,1.1402,0.2686,754.2084,11.54,2623
230,500,11354112,4257.0,88.58,1.1321,0.4313,758.625,11.54,2635
231,500,11403264,4257.0,92.68,1.1083,0.3886,762.4584,11.54,2646
232,500,11452416,4258.0,91.53,1.1079,0.6775,770.625,11.54,2658
233,500,11501568,4268.0,83.97,1.0686,0.3682,774.7084,11.52,2669
234,500,11550720,4262.0,89.87,1.0773,0.5554,779.2917,11.53,2681
235,500,11599872,4266.0,91.42,1.0976,0.3805,785.625,11.52,2693
236,500,11649024,4273.0,88.96,1.0761,0.3642,786.0,11.5,2704
237,500,11698176,4256.0,92.06,1.0909,0.4964,787.5,11.55,2716
238,500,11747328,4266.0,91.51,1.1476,0.4639,790.2917,11.52,2727
239,500,11796480,4259.0,81.21,1.1511,0.4313,796.625,11.54,2739
240,500,11845632,4250.0,86.81,1.1026,0.3092,801.0417,11.57,2750
241,500,11894784,4240.0,92.87,1.0613,0.3743,803.375,11.59,2762
242,500,11943936,4251.0,90.26,1.0513,0.2991,805.2084,11.56,2773
243,500,11993088,4249.0,89.79,1.0425,0.4293,808.0,11.57,2785
244,500,12042240,4255.0,94.33,1.024,0.2787,809.5,11.55,2796
245,500,12091392,4270.0,93.73,1.0371,0.297,811.0,11.51,2808
246,500,12140544,4250.0,94.79,1.0281,0.1485,811.375,11.56,2820
247,500,12189696,4254.0,86.57,1.0484,0.356,813.2084,11.55,2831
248,500,12238848,4257.0,91.96,1.1155,0.5025,815.2917,11.54,2843
249,500,12288000,4235.0,95.38,1.1506,0.4578,817.8334,11.6,2854
250,500,12337152,4261.0,96.94,1.1749,0.2136,820.2084,11.53,2866
251,500,12386304,4256.0,92.48,1.1991,0.2747,821.0,11.55,2877
252,500,12435456,4256.0,90.63,1.2179,0.2706,821.125,11.55,2889
253,500,12484608,4255.0,91.15,1.1894,0.2747,823.2917,11.55,2900
254,500,12533760,4268.0,97.39,1.1264,0.415,826.375,11.52,2912
255,500,12582912,4268.0,90.63,1.078,0.2706,828.2084,11.52,2923
256,500,12632064,4258.0,92.68,1.0565,0.2319,829.75,11.54,2935
257,500,12681216,4273.0,95.3,1.051,0.295,831.5417,11.5,2947
258,500,12730368,4266.0,94.6,1.1088,0.2035,832.2917,11.52,2958
259,500,12779520,4266.0,91.02,1.1667,0.1973,833.0,11.52,2970
260,500,12828672,4264.0,91.93,1.0983,0.3235,833.8334,11.52,2981
261,500,12877824,4260.0,92.3,1.0569,0.3215,836.9167,11.54,2993
262,500,12926976,4276.0,95.79,1.0572,0.1953,840.0834,11.49,3004
263,500,12976128,4278.0,94.52,1.079,0.2787,843.0,11.49,3016
264,500,13025280,4275.0,101.17,1.1014,0.1139,845.0,11.5,3027
265,500,13074432,4281.0,95.16,1.1026,0.2096,845.8334,11.48,3039
266,500,13123584,4270.0,98.09,1.1195,0.2625,847.0,11.51,3050
267,500,13172736,4266.0,97.13,1.1653,0.3255,848.2084,11.52,3062
268,500,13221888,4275.0,94.89,1.1824,0.2869,850.0,11.5,3073
269,500,13271040,4278.0,97.03,1.2236,0.118,850.0417,11.49,3085
270,500,13320192,4276.0,96.82,1.2495,0.177,851.8334,11.49,3096
271,500,13369344,4285.0,95.77,1.2467,0.234,854.5834,11.47,3108
272,500,13418496,4273.0,91.52,1.2222,0.1729,855.5417,11.5,3119
273,500,13467648,4280.0,89.42,1.1809,0.1038,856.0,11.48,3131
274,500,13516800,4273.0,94.85,1.1446,0.1872,857.375,11.5,3142
275,500,13565952,4285.0,95.03,1.1011,0.1058,859.0,11.47,3153
276,500,13615104,4278.0,94.57,1.1174,0.2075,859.7917,11.49,3165
277,500,13664256,4281.0,91.64,1.1034,0.1119,860.0,11.48,3176
278,500,13713408,4285.0,97.01,1.0896,0.1811,860.0,11.47,3188
279,500,13762560,4282.0,94.23,1.129,0.1526,860.875,11.48,3199
280,500,13811712,4282.0,95.41,1.142,0.1912,861.0,11.48,3211
281,500,13860864,4274.0,100.21,1.1518,0.1607,861.0,11.5,3222
282,500,13910016,4285.0,99.93,1.1172,0.2625,861.125,11.47,3234
283,500,13959168,4284.0,98.31,1.0896,0.1953,862.2917,11.47,3245
284,500,14008320,4294.0,96.61,1.0729,0.0875,863.0834,11.44,3257
285,500,14057472,4293.0,94.21,1.077,0.1994,865.0,11.45,3268
286,500,14106624,4303.0,90.7,1.039,0.1282,865.7917,11.42,3280
287,500,14155776,4301.0,102.79,1.0088,0.0895,866.5417,11.43,3291
288,500,14204928,4284.0,92.29,1.0495,0.1689,868.7084,11.47,3303
289,500,14254080,4294.0,97.88,1.0749,0.1383,870.875,11.45,3314
290,500,14303232,4289.0,101.13,1.0977,0.1668,871.0,11.46,3325
291,500,14352384,4280.0,99.98,1.1214,0.2482,871.0,11.48,3337
292,500,14401536,4281.0,92.47,1.1368,0.2665,871.5,11.48,3348
293,500,14450688,4280.0,98.59,1.0958,0.2726,875.7084,11.48,3360
294,500,14499840,4293.0,99.1,1.0815,0.2502,876.0417,11.45,3371
295,500,14548992,4289.0,101.32,1.0819,0.2645,877.625,11.46,3383
296,500,14598144,4297.0,96.48,1.075,0.2401,878.0,11.44,3394
297,500,14647296,4282.0,96.71,1.0581,0.3072,879.2084,11.48,3406
298,500,14696448,4278.0,98.72,1.089,0.3845,882.0,11.49,3417
299,500,14745600,4282.0,98.51,1.1307,0.415,884.3334,11.48,3429
300,500,14794752,4283.0,100.74,1.166,0.2808,885.2084,11.48,3440
301,500,14843904,4278.0,101.54,1.156,0.2096,886.0,11.49,3452
302,500,14893056,4264.0,94.91,1.1315,0.3377,888.5834,11.52,3463
303,500,14942208,4284.0,93.46,1.0767,0.3215,890.5834,11.47,3475
304,500,14991360,4280.0,97.45,1.0411,0.1831,892.875,11.48,3486
305,500,15040512,4288.0,98.56,1.0034,0.1383,893.8334,11.46,3498
306,500,15089664,4288.0,97.86,0.9737,0.0793,895.0,11.46,3509
307,500,15138816,4287.0,97.1,0.9828,0.1953,895.0,11.46,3521
308,500,15187968,4274.0,97.69,0.9786,0.1892,895.7084,11.5,3532
309,500,15237120,4289.0,103.08,0.9945,0.2441,896.4584,11.46,3543
310,500,15286272,4291.0,97.45,1.0134,0.2584,897.2084,11.45,3555
311,500,15335424,4292.0,99.7,1.0259,0.2848,899.1667,11.45,3566
312,500,15384576,4284.0,97.67,1.02,0.2299,900.0,11.47,3578
313,500,15433728,4296.0,100.31,0.9929,0.2116,900.2917,11.44,3589
314,500,15482880,4293.0,99.48,0.9808,0.3764,901.9584,11.45,3601
315,500,15532032,4300.0,100.03,1.0107,0.3621,905.4584,11.43,3612
316,500,15581184,4286.0,95.0,1.0466,0.3784,907.75,11.47,3624
317,500,15630336,4294.0,101.32,1.0489,0.2096,910.875,11.45,3635
318,500,15679488,4298.0,96.67,1.1133,0.2604,914.7084,11.43,3647
319,500,15728640,4284.0,97.06,1.1649,0.2502,915.4584,11.47,3658
320,500,15777792,4291.0,96.83,1.206,0.2645,917.0417,11.45,3669
321,500,15826944,4281.0,101.72,1.2244,0.3215,919.375,11.48,3681
322,500,15876096,4291.0,85.58,1.2746,0.3133,920.25,11.45,3692
323,500,15925248,4290.0,94.23,1.2309,0.3805,925.5417,11.46,3704
324,500,15974400,4298.0,91.74,1.2535,0.2421,929.3334,11.43,3715
325,500,16023552,4294.0,86.04,1.2342,0.4517,933.8334,11.44,3727
326,500,16072704,4292.0,92.78,1.1883,0.3805,936.1667,11.45,3738
327,500,16121856,4284.0,92.0,1.1391,0.3703,937.125,11.47,3750
328,500,16171008,4293.0,95.04,1.1368,0.3703,939.2917,11.45,3761
329,500,16220160,4285.0,92.55,1.1785,0.3947,941.875,11.47,3773
330,500,16269312,4287.0,96.81,1.1933,0.4781,942.0,11.46,3784
331,500,16318464,4297.0,90.23,1.1797,0.5595,943.1667,11.44,3795
332,500,16367616,4290.0,94.32,1.1534,0.3764,944.5417,11.46,3807
333,500,16416768,4293.0,96.79,1.1733,0.4476,946.1667,11.45,3818
334,500,16465920,4291.0,96.38,1.1952,0.4964,953.5417,11.45,3830
335,500,16515072,4293.0,96.77,1.2244,0.4598,958.625,11.45,3841
336,500,16564224,4296.0,87.81,1.2791,0.5961,961.7917,11.44,3853
337,500,16613376,4294.0,94.36,1.2055,0.4049,964.4584,11.45,3864
338,500,16662528,4293.0,100.3,1.1722,0.5615,968.8334,11.45,3876
339,500,16711680,4286.0,98.19,1.2185,0.4272,971.875,11.47,3887
340,500,16760832,4281.0,93.43,1.2335,0.4618,972.2084,11.48,3899
341,500,16809984,4279.0,95.47,1.2566,0.3845,973.0,11.48,3910
342,500,16859136,4285.0,89.4,1.267,0.5676,976.25,11.47,3921
343,500,16908288,4269.0,91.06,1.2549,0.6897,982.125,11.51,3933
344,500,16957440,4284.0,96.81,1.252,0.4028,984.9167,11.47,3944
345,500,17006592,4284.0,95.53,1.246,0.3052,986.8334,11.47,3956
346,500,17055744,4278.0,90.86,1.2185,0.5208,989.9584,11.49,3967
347,500,17104896,4288.0,92.46,1.1687,0.4476,992.0834,11.46,3979
348,500,17154048,4287.0,86.22,1.1345,0.3418,994.0,11.46,3990
349,500,17203200,4262.0,88.72,1.12,0.2523,995.875,11.53,4002
350,500,17252352,4273.0,100.03,1.148,0.2991,996.2084,11.5,4013
351,500,17301504,4270.0,92.42,1.1543,0.3337,998.9584,11.51,4025
352,500,17350656,4279.0,94.1,1.133,0.2604,1000.5417,11.49,4036
353,500,17399808,4288.0,96.31,1.1259,0.3845,1002.2917,11.46,4048
354,500,17448960,4297.0,100.27,1.1304,0.2889,1004.875,11.44,4059
355,500,17498112,4294.0,95.28,1.1328,0.2686,1005.625,11.45,4071
356,500,17547264,4289.0,91.81,1.091,0.3255,1006.7917,11.46,4082
357,500,17596416,4280.0,96.49,1.0707,0.3825,1008.0834,11.48,4094
358,500,17645568,4287.0,95.44,1.1128,0.4761,1009.7084,11.46,4105
359,500,17694720,4276.0,92.5,1.111,0.7528,1010.4584,11.49,4117
360,500,17743872,4281.0,95.53,1.1498,0.4435,1011.4167,11.48,4128
361,500,17793024,4280.0,92.6,1.1532,0.3967,1013.75,11.48,4140
362,500,17842176,4291.0,94.2,1.1603,0.5452,1018.5417,11.45,4151
363,500,17891328,4283.0,91.85,1.1847,0.411,1022.4167,11.47,4163
364,500,17940480,4289.0,95.17,1.1797,0.4171,1024.875,11.46,4174
365,500,17989632,4282.0,85.81,1.1786,0.6104,1027.0834,11.48,4185
366,500,18038784,4278.0,97.53,1.1933,0.5717,1030.5417,11.49,4197
367,500,18087936,4265.0,89.09,1.2246,0.5778,1035.625,11.52,4208
368,500,18137088,4261.0,91.51,1.1784,0.5758,1043.0,11.53,4220
369,500,18186240,4254.0,91.56,1.2113,0.5615,1046.375,11.55,4232
370,500,18235392,4277.0,100.91,1.2551,0.5412,1048.8334,11.49,4243
371,500,18284544,4271.0,97.16,1.2043,0.356,1051.1667,11.51,4255
372,500,18333696,4268.0,95.0,1.1841,0.3133,1053.0834,11.52,4266
373,500,18382848,4265.0,98.66,1.1979,0.5981,1055.0,11.52,4278
374,500,18432000,4264.0,97.04,1.1986,0.5697,1056.9167,11.52,4289
375,500,18481152,4274.0,98.05,1.2335,0.5127,1059.4584,11.5,4301
376,500,18530304,4274.0,90.65,1.2136,0.4354,1063.75,11.5,4312
377,500,18579456,4274.0,89.42,1.1896,0.4191,1066.0834,11.5,4324
378,500,18628608,4273.0,95.14,1.1686,0.4252,1067.2917,11.5,4335
379,500,18677760,4292.0,96.29,1.1396,0.3866,1068.0,11.45,4347
380,500,18726912,4289.0,95.01,1.1567,0.4293,1068.8334,11.46,4358
381,500,18776064,4266.0,96.3,1.1369,0.415,1070.0,11.52,4370
382,500,18825216,4290.0,95.83,1.0909,0.5615,1075.5834,11.46,4381
383,500,18874368,4274.0,98.76,1.0961,0.588,1079.5834,11.5,4392
384,500,18923520,4289.0,97.43,1.115,0.3337,1082.0417,11.46,4404
385,500,18972672,4279.0,93.72,1.1368,0.5229,1083.8334,11.48,4415
386,500,19021824,4281.0,91.65,1.1255,0.5025,1086.1667,11.48,4427
387,500,19070976,4292.0,102.49,1.0848,0.4171,1087.9584,11.45,4438
388,500,19120128,4290.0,97.18,1.0833,0.3398,1089.0,11.46,4450
389,500,19169280,4282.0,94.11,1.1016,0.3886,1093.1667,11.48,4461
390,500,19218432,4273.0,95.42,1.1467,0.529,1096.625,11.5,4473
391,500,19267584,4270.0,93.71,1.1588,0.4944,1098.5834,11.51,4484
392,500,19316736,4268.0,90.83,1.1476,0.6632,1099.9584,11.51,4496
393,500,19365888,4264.0,99.03,1.1541,0.5717,1101.7084,11.53,4507
394,500,19415040,4260.0,93.64,1.1884,0.5493,1107.875,11.54,4519
395,500,19464192,4278.0,94.8,1.2069,0.3967,1110.8334,11.49,4530
396,500,19513344,4257.0,92.6,1.2168,0.4944,1113.5417,11.55,4542
397,500,19562496,4266.0,91.29,1.1991,0.5819,1118.375,11.52,4553
398,500,19611648,4256.0,89.33,1.2025,0.4781,1125.125,11.55,4565
399,500,19660800,4274.0,93.13,1.1828,0.4801,1129.2917,11.5,4576
400,500,19709952,4274.0,93.73,1.2237,0.5798,1133.6667,11.5,4588
401,500,19759104,4270.0,100.29,1.192,0.47,1137.1667,11.51,4599
402,500,19808256,4272.0,97.2,1.2127,0.4964,1139.875,11.5,4611
403,500,19857408,4271.0,96.79,1.2128,0.3662,1143.2917,11.51,4623
404,500,19906560,4272.0,96.94,1.1932,0.2482,1145.375,11.51,4634
405,500,19955712,4268.0,95.46,1.1746,0.4028,1148.25,11.52,4646
406,500,20004864,4274.0,95.92,1.108,0.5147,1151.375,11.5,4657
407,500,20054016,4264.0,96.06,1.1205,0.4008,1153.625,11.53,4669
408,500,20103168,4259.0,96.79,1.2098,0.5452,1157.4167,11.54,4680
409,500,20152320,4260.0,92.19,1.2578,0.8199,1160.0,11.54,4692
410,500,20201472,4267.0,93.83,1.2931,0.5778,1164.6667,11.52,4703
411,500,20250624,4259.0,99.96,1.2756,0.4049,1168.1667,11.54,4715
412,500,20299776,4268.0,97.26,1.3374,0.5839,1170.2084,11.51,4726
413,500,20348928,4271.0,87.7,1.3578,0.3805,1172.2917,11.51,4738
414,500,20398080,4279.0,98.79,1.2724,0.4537,1175.6667,11.49,4749
415,500,20447232,4273.0,96.26,1.1988,0.3642,1178.4584,11.5,4761
416,500,20496384,4285.0,99.95,1.165,0.5249,1181.1667,11.47,4772
417,500,20545536,4286.0,98.6,1.1589,0.3764,1182.7917,11.47,4784
418,500,20594688,4275.0,98.3,1.1735,0.5046,1186.5834,11.5,4795
419,500,20643840,4297.0,89.43,1.1287,0.3825,1190.3334,11.44,4807
420,500,20692992,4281.0,99.88,1.1429,0.236,1191.0,11.48,4818
421,500,20742144,4283.0,90.9,1.1477,0.2116,1191.75,11.47,4830
422,500,20791296,4274.0,98.4,1.1402,0.354,1193.25,11.5,4841
423,500,20840448,4284.0,98.5,1.1549,0.3825,1196.2917,11.47,4852
424,500,20889600,4286.0,97.72,1.1446,0.4496,1199.4167,11.47,4864
425,500,20938752,4279.0,95.97,1.1391,0.4232,1202.2084,11.49,4875
426,500,20987904,4296.0,100.23,1.0942,0.474,1204.5417,11.44,4887
427,500,21037056,4281.0,98.53,1.111,0.3805,1208.125,11.48,4898
428,500,21086208,4299.0,97.24,1.1576,0.3947,1214.2917,11.43,4910
429,500,21135360,4282.0,100.72,1.163,0.4435,1217.4584,11.48,4921
430,500,21184512,4282.0,93.97,1.2309,0.4537,1221.625,11.48,4933
431,500,21233664,4281.0,96.73,1.1982,0.352,1225.125,11.48,4944
432,500,21282816,4289.0,100.43,1.1581,0.2563,1227.9584,11.46,4956
433,500,21331968,4295.0,99.42,1.1569,0.3316,1230.125,11.44,4967
434,500,21381120,4288.0,90.49,1.1237,0.2706,1231.875,11.46,4979
435,500,21430272,4295.0,97.21,1.0763,0.2645,1232.8334,11.44,4990
436,500,21479424,4284.0,94.32,1.0418,0.4313,1234.75,11.47,5001
437,500,21528576,4283.0,101.38,1.031,0.4191,1237.75,11.48,5013
438,500,21577728,4292.0,97.71,1.0434,0.3642,1241.0,11.45,5024
439,500,21626880,4274.0,101.51,1.0388,0.3092,1242.9167,11.5,5036
440,500,21676032,4262.0,99.24,1.0706,0.3276,1244.8334,11.53,5047
441,500,21725184,4274.0,99.85,1.1448,0.4985,1249.5417,11.5,5059
442,500,21774336,4298.0,100.62,1.1758,0.529,1253.1667,11.44,5070
443,500,21823488,4298.0,97.29,1.1624,0.6104,1257.125,11.43,5082
444,500,21872640,4292.0,97.3,1.16,0.4598,1258.9584,11.45,5093
445,500,21921792,4282.0,98.59,1.1808,0.4862,1261.625,11.48,5105
446,500,21970944,4293.0,94.49,1.2058,0.3906,1263.5417,11.45,5116
447,500,22020096,4282.0,92.06,1.194,0.4618,1266.5,11.48,5128
448,500,22069248,4287.0,97.0,1.1528,0.4842,1268.7084,11.46,5139
449,500,22118400,4306.0,101.67,1.1286,0.356,1271.7917,11.41,5151
450,500,22167552,4289.0,94.91,1.1371,0.3723,1274.25,11.46,5162
451,500,22216704,4299.0,100.14,1.1293,0.3967,1275.7917,11.43,5173
452,500,22265856,4291.0,90.96,1.097,0.3052,1278.0417,11.45,5185
453,500,22315008,4292.0,103.77,1.0675,0.472,1280.4167,11.45,5196
454,500,22364160,4301.0,95.42,1.1057,0.5636,1282.3334,11.43,5208
455,500,22413312,4299.0,90.42,1.1654,0.3276,1284.875,11.43,5219
456,500,22462464,4284.0,97.41,1.1793,0.4191,1286.7917,11.47,5231
457,500,22511616,4300.0,97.58,1.1674,0.238,1287.9584,11.43,5242
458,500,22560768,4285.0,95.41,1.1426,0.3194,1288.7084,11.47,5254
459,500,22609920,4261.0,101.26,1.0956,0.2197,1289.9584,11.53,5265
460,500,22659072,4274.0,105.45,1.103,0.2075,1292.625,11.5,5277
461,500,22708224,4272.0,96.59,1.1528,0.2218,1293.0,11.5,5288
462,500,22757376,4288.0,95.69,1.0799,0.3052,1293.0,11.46,5300
463,500,22806528,4286.0,100.72,1.0794,0.2116,1293.7084,11.47,5311
464,500,22855680,4288.0,105.61,1.111,0.1973,1294.0417,11.46,5323
465,500,22904832,4285.0,95.82,1.1044,0.3255,1296.0417,11.47,5334
466,500,22953984,4297.0,100.27,1.094,0.2645,1298.375,11.44,5345
467,500,23003136,4280.0,102.29,1.1005,0.3052,1299.5417,11.48,5357
468,500,23052288,4295.0,98.61,1.0814,0.3825,1301.4167,11.44,5368
469,500,23101440,4314.0,101.43,1.0496,0.4985,1302.0,11.39,5380
470,500,23150592,4290.0,98.03,1.0602,0.2787,1302.0,11.46,5391
471,500,23199744,4269.0,98.04,1.1103,0.3825,1303.9584,11.51,5403
472,500,23248896,4272.0,100.97,1.1406,0.3825,1306.625,11.5,5414
473,500,23298048,4273.0,98.1,1.1366,0.3337,1309.0,11.5,5426
474,500,23347200,4274.0,94.9,1.1551,0.3682,1311.7917,11.5,5437
475,500,23396352,4285.0,100.5,1.1567,0.415,1313.8334,11.47,5449
476,500,23445504,4300.0,103.39,1.1888,0.4862,1316.125,11.43,5460
477,500,23494656,4307.0,98.1,1.246,0.4354,1319.75,11.41,5472
478,500,23543808,4296.0,96.44,1.2404,0.3764,1323.0,11.44,5483
479,500,23592960,4308.0,99.81,1.2029,0.3215,1325.375,11.41,5494
480,500,23642112,4302.0,103.69,1.1715,0.2116,1327.0,11.43,5506
481,500,23691264,4300.0,94.16,1.1801,0.4232,1328.5417,11.43,5517
482,500,23740416,4296.0,98.02,1.1997,0.3276,1330.375,11.44,5529
483,500,23789568,4293.0,101.58,1.192,0.4618,1334.0,11.45,5540
484,500,23838720,4308.0,98.42,1.1781,0.236,1335.0417,11.41,5552
485,500,23887872,4294.0,102.3,1.169,0.2909,1337.4584,11.44,5563
486,500,23937024,4303.0,98.66,1.1692,0.3235,1339.375,11.42,5574
487,500,23986176,4313.0,98.51,1.1825,0.2747,1340.0,11.4,5586
488,500,24035328,4308.0,99.4,1.1786,0.3398,1340.7084,11.41,5597
489,500,24084480,4289.0,96.79,1.1591,0.356,1341.9167,11.46,5609
490,500,24133632,4303.0,93.62,1.1821,0.4049,1343.0,11.42,5620
491,500,24182784,4300.0,99.29,1.1978,0.2543,1343.0,11.43,5631
492,500,24231936,4291.0,99.44,1.2506,0.3764,1344.5,11.45,5643
493,500,24281088,4297.0,97.63,1.2346,0.356,1345.7084,11.44,5654
494,500,24330240,4299.0,105.17,1.2269,0.2706,1347.3334,11.43,5666
495,500,24379392,4301.0,97.5,1.2289,0.4211,1348.2084,11.43,5677
496,500,24428544,4301.0,94.57,1.2357,0.4679,1350.1667,11.43,5689
497,500,24477696,4285.0,96.65,1.2224,0.4903,1352.3334,11.47,5700
498,500,24526848,4305.0,92.41,1.2004,0.415,1355.5834,11.42,5712
499,500,24576000,4315.0,93.07,1.1319,0.1689,1358.375,11.39,5723
